{"stats":{"minecraft:custom":{"minecraft:mob_kills":3,"minecraft:leave_game":10,"minecraft:time_since_death":42154,"minecraft:climb_one_cm":272,"minecraft:walk_one_cm":1203915,"minecraft:sprint_one_cm":403194,"minecraft:drop":48,"minecraft:play_time":789130,"minecraft:sneak_time":21167,"minecraft:deaths":2,"minecraft:jump":1703,"minecraft:total_world_time":846566,"minecraft:sleep_in_bed":2,"minecraft:time_since_rest":42185,"minecraft:minecart_one_cm":276,"minecraft:damage_dealt":330,"minecraft:fly_one_cm":2669740,"minecraft:crouch_one_cm":56828,"minecraft:aviate_one_cm":1203061},"minecraft:picked_up":{"minecraft:wooden_axe":2,"minecraft:chicken":4,"create:wrench":1,"create:handheld_worldshaper":1,"minecraft:birch_button":3,"minecraft:light":2,"minecraft:elytra":2,"framedblocks:framed_panel":1,"minecraft:azalea_leaves":2,"minecraft:egg":10,"minecraft:stone":2,"rechiseled:bone_block_smooth":1,"minecraft:redstone":3,"framedblocks:framed_fence":1,"create:wand_of_symmetry":1,"minecraft:command_block":2,"create:track":17,"minecraft:cyan_terracotta":1,"minecraft:netherite_chestplate":1,"decocraft:envelopes":1,"minecraft:netherite_boots":1,"minecraft:feather":2,"minecraft:basalt":1,"minecraft:bedrock":1,"minecraft:gunpowder":3,"minecraft:netherite_leggings":1,"minecraft:gray_concrete":1,"minecraft:dirt":3,"rechiseled:stone_big_tiles_connecting":2,"minecraft:small_dripleaf":1,"create:super_glue":1,"create:large_water_wheel":3,"rechiseled:stone_tiles_connecting":1,"minecraft:stripped_spruce_log":33,"minecraft:grass_block":2,"minecraft:light_gray_concrete":1,"minecraft:firework_rocket":64,"create:track_station":1,"minecraft:netherite_helmet":1,"minecraft:painting":1,"framedblocks:framed_stairs":2},"minecraft:killed":{"minecraft:chicken":1,"minecraft:bat":1,"minecraft:creeper":1},"minecraft:dropped":{"minecraft:stripped_spruce_log":33,"minecraft:feather":1,"create:track":1,"framedblocks:framed_panel":1,"minecraft:elytra":1,"minecraft:gray_concrete":1,"minecraft:cyan_terracotta":2,"minecraft:dirt":2,"minecraft:gunpowder":1,"minecraft:small_dripleaf":2,"minecraft:birch_button":2,"minecraft:firework_rocket":64},"minecraft:used":{"decocraft:stuffed_creeper":1,"create:light_blue_seat":1,"rechiseled:andesite_bricks":943,"framedblocks:framed_fence":35,"decocraft:stop_sign":2,"rechiseled:stone_big_tiles":1,"framedblocks:framed_slab":272,"minecraft:redstone":41,"minecraft:elytra":1,"decocraft:gameboy":2,"rechiseled:andesite_tiles":4,"cfm:gray_sofa":24,"framedblocks:framed_stairs":444,"decocraft:birdcage_gold":1,"minecraft:stone":233,"decocraft:letter":8,"decocraft:dpop_canadiancreep_071":1,"decocraft:bus_stop_sign":1,"decocraft:roundabout_rainbow":1,"decocraft:dpop_duskmoon_013":1,"minecraft:dirt":18,"decocraft:nail_makeup_messy":1,"decocraft:dpop_kittycarrot2505_064":1,"decocraft:christmas_lights_2_white_flipbook.00":2,"decocraft:monitor_1_black":1,"rechiseled:iron_block_polished":4,"create:netherite_backtank":1,"decocraft:dpop_oddles_049":1,"decocraft:couch_left_leather_black":2,"rechiseled:basalt_bordered_polished":3,"minecraft:acacia_button":8,"decocraft:pet_carrier":2,"decocraft:dpop_cottonballer_051":1,"minecraft:stripped_spruce_log":36,"decocraft:ingot_pile_gold":2,"decocraft:circle_sign_13":1,"decocraft:couch_corner_black":2,"decocraft:wooden_blocks_2":5,"minecraft:wooden_axe":4,"create:controls":2,"decocraft:wooden_blocks_1":1,"decocraft:train_set_1":1,"minecraft:sea_lantern":49,"minecraft:cyan_terracotta":377,"decocraft:christmas_lights_1_color_flipbook.00":2,"decocraft:hopscotch":1,"decocraft:rolling_bin_yellow":1,"rechiseled:stone_slated":1,"decocraft:bathroom_unisex":1,"rechiseled:iron_block_pulverized":5,"decocraft:tire_fence_purple":1,"decocraft:dpop_zerokazuma_020":1,"minecraft:iron_block":2,"minecraft:grass_block":89,"framedblocks:framed_glowing_item_frame":2,"decocraft:swingleg":2,"decocraft:dpop_damolition_121":1,"minecraft:polished_andesite_stairs":10,"decocraft:drying_rack_black":1,"decocraft:bathroom_disabled":1,"decocraft:dpop_meepmeep_035":1,"framedblocks:framed_panel":32,"decocraft:dpop_gold172_059":1,"decocraft:couch_right_leather_black":1,"decocraft:couch_left_black":6,"decocraft:christmas_lights_2_color_flipbook.00":1,"rechiseled:bone_block_smooth":368,"decocraft:coin_pile_gold":3,"cfm:stripped_birch_park_bench":188,"minecraft:netherite_boots":1,"minecraft:bedrock":6,"minecraft:basalt":7,"minecraft:birch_button":16,"decocraft:dpop_judgegrimm_014":1,"minecraft:repeater":4,"decocraft:newtons_cradle":3,"decocraft:medieval_high_canopy_bed_king_blue":1,"minecraft:iron_trapdoor":3,"framedblocks:framed_pane":4,"rechiseled:andesite_polished_connecting":1,"minecraft:white_stained_glass_pane":36,"decocraft:circle_sign_2":2,"decocraft:diner_seat_double_gray":16,"decocraft:circle_sign_6":13,"create:fluid_pipe":8,"decocraft:dpop_thecreeper2007_094":1,"decocraft:dpop_vincent_128":1,"minecraft:end_stone_brick_stairs":18,"minecraft:acacia_planks":4,"framedblocks:framed_lattice_block":9,"decocraft:hay_bed":1,"rechiseled:stone_tiles_connecting":121,"decocraft:popcorn_machine":3,"decocraft:circle_sign_4":2,"create:wand_of_symmetry":52,"decocraft:decomposer":1,"rechiseled:andesite_bricks_connecting":1,"decocraft:vending_machine":1,"decocraft:sign_live_craft_love":1,"framedblocks:framed_item_frame":1,"decocraft:ingot_pile_copper":4,"minecraft:spruce_door":2,"decocraft:dpop_thejays_032":1,"rechiseled:cobblestone_polished":9,"rechiseled:stone_big_tiles_connecting":201,"minecraft:netherite_chestplate":1,"create:train_door":3,"decocraft:dpop_sarsum33_047":1,"rechiseled:cobbled_deepslate_paving":10,"decocraft:restaurant_table_2_yellow":1,"minecraft:redstone_block":4,"framedblocks:framed_cube":2,"decocraft:monkeybars":1,"decocraft:chemistry_set_flipbook.00":1,"create:blaze_burner":1,"rechiseled:stone_cobbled":1,"decocraft:decobench":1,"minecraft:stripped_dark_oak_log":1,"decocraft:romania":1,"minecraft:netherite_leggings":1,"create:track_station":8,"rechiseled:netherite_block_smooth":38,"minecraft:vine":5,"rechiseled:basalt_beams_connecting":302,"decocraft:dpop_eyuphanmandiraci_126":1,"decocraft:defibrilator":1,"decocraft:dog_house":1,"minecraft:loom":3,"minecraft:smooth_red_sandstone":16,"decocraft:birdcage_black":1,"create:schematicannon":3,"decocraft:dpop_gennaln_022":1,"minecraft:netherite_helmet":1,"minecraft:white_bed":2,"decocraft:floor_lamp_silver":3,"minecraft:gray_concrete":320,"decocraft:circle_sign_3":3,"decocraft:circle_sign_5":2,"minecraft:painting":39,"decocraft:circle_sign_9":1,"decocraft:floor_lamp_rose_gold":1,"decocraft:envelopes":10,"decocraft:locker_silver":22,"minecraft:redstone_torch":11,"decocraft:monitor_3_black":1,"create:track":112,"decocraft:christmas_lights_1_white_flipbook.00":3,"minecraft:lever":5,"minecraft:light":68,"minecraft:black_concrete":17,"minecraft:firework_rocket":100,"decocraft:fishing_net":1,"decocraft:circle_sign_12":1,"create:copper_backtank":1,"decocraft:jack_in_the_box":1,"minecraft:command_block":7,"minecraft:light_gray_concrete":621,"minecraft:barrier":4,"decocraft:circle_sign_15":1,"decocraft:fish_tank":1,"create:water_wheel":2,"decocraft:spring_horse_yellow":1,"decocraft:train":2,"decocraft:dpop_latvianmodder_025":1,"decocraft:bathroom_male":1,"framedblocks:framed_gate":1,"create:large_water_wheel":9,"decocraft:circle_sign_8":2,"decocraft:cat_tree":1,"decocraft:calendar":1,"decocraft:monitor_2_black":1,"minecraft:azalea_leaves":135,"decocraft:dpop_johnny215_069":1,"framedblocks:framed_flat_elev_double_slope_slab_corner":1,"decocraft:dpop_razz_000":2,"framedblocks:framed_slab_corner":1,"decocraft:birdcage_silver":1,"decocraft:claw_machine":1,"rechiseled:cobblestone_pulverized_connecting":5,"cfm:light_gray_sofa":4,"decocraft:scratching_post":3,"minecraft:polished_blackstone_button":8,"minecraft:white_concrete":15,"framedblocks:framed_post":49,"decocraft:armchair_black":3,"decocraft:japan":3}},"DataVersion":2975}