{
  "cfm:recipes/cfm/white_kitchen_sink": {
    "criteria": {
      "has_concrete": "2024-09-04 18:11:37 +0000"
    },
    "done": true
  },
  "framedblocks:recipes/framed_blocks/framed_slab_edge": {
    "criteria": {
      "hasFramedSlab": "2024-09-04 18:46:27 +0000"
    },
    "done": true
  },
  "cfm:recipes/cfm/lime_kitchen_counter": {
    "criteria": {
      "has_concrete": "2024-09-04 18:11:37 +0000"
    },
    "done": true
  },
  "minecraft:recipes/building_blocks/deepslate_tile_slab_from_polished_deepslate_stonecutting": {
    "criteria": {
      "has_polished_deepslate": "2024-09-04 18:48:47 +0000"
    },
    "done": true
  },
  "create:wrench_goggles": {
    "criteria": {
      "0": "2024-09-05 20:00:23 +0000"
    },
    "done": false
  },
  "cfm:recipes/cfm/stripped_dark_oak_kitchen_sink_light": {
    "criteria": {
      "has_top": "2024-09-04 18:11:37 +0000"
    },
    "done": true
  },
  "minecraft:recipes/redstone/acacia_button": {
    "criteria": {
      "has_planks": "2024-09-05 01:35:40 +0000"
    },
    "done": true
  },
  "minecraft:recipes/building_blocks/stone_bricks": {
    "criteria": {
      "has_stone": "2024-09-04 18:24:55 +0000"
    },
    "done": true
  },
  "cfm:recipes/cfm/birch_kitchen_sink_light": {
    "criteria": {
      "has_top": "2024-09-04 18:11:37 +0000"
    },
    "done": true
  },
  "cfm:recipes/cfm/red_kitchen_sink": {
    "criteria": {
      "has_concrete": "2024-09-04 18:11:37 +0000"
    },
    "done": true
  },
  "framedblocks:recipes/framed_blocks/framed_hammer": {
    "criteria": {
      "hasFramedBlock": "2024-09-04 18:56:48 +0000"
    },
    "done": true
  },
  "framedblocks:recipes/framed_blocks/framed_corner_pillar": {
    "criteria": {
      "hasFramedBlock": "2024-09-04 18:56:48 +0000"
    },
    "done": true
  },
  "cfm:recipes/cfm/acacia_desk_cabinet": {
    "criteria": {
      "has_planks": "2024-09-05 01:35:40 +0000"
    },
    "done": true
  },
  "create:recipes/create.palettes/crafting/kinetics/light_blue_seat_from_other_seat": {
    "criteria": {
      "has_seat": "2024-09-05 20:49:44 +0000"
    },
    "done": true
  },
  "cfm:recipes/cfm/stone_desk_cabinet": {
    "criteria": {
      "has_log": "2024-09-04 18:24:55 +0000"
    },
    "done": true
  },
  "cfm:recipes/cfm/stripped_dark_oak_blinds": {
    "criteria": {
      "has_log": "2024-09-05 01:00:19 +0000"
    },
    "done": true
  },
  "cfm:recipes/cfm/stripped_birch_kitchen_sink_light": {
    "criteria": {
      "has_top": "2024-09-04 18:11:37 +0000"
    },
    "done": true
  },
  "cfm:recipes/cfm/light_blue_kitchen_counter": {
    "criteria": {
      "has_concrete": "2024-09-04 18:11:37 +0000"
    },
    "done": true
  },
  "minecraft:recipes/redstone/redstone": {
    "criteria": {
      "has_redstone_block": "2024-09-04 21:07:08 +0000"
    },
    "done": true
  },
  "minecraft:recipes/decorations/crafting_table": {
    "criteria": {
      "has_planks": "2024-09-05 01:35:40 +0000"
    },
    "done": true
  },
  "cfm:recipes/cfm/light_gray_kitchen_counter": {
    "criteria": {
      "has_concrete": "2024-09-04 18:11:37 +0000"
    },
    "done": true
  },
  "create:super_glue": {
    "criteria": {
      "0": "2024-09-05 20:01:22 +0000"
    },
    "done": true
  },
  "minecraft:recipes/decorations/deepslate_brick_wall_from_polished_deepslate_stonecutting": {
    "criteria": {
      "has_polished_deepslate": "2024-09-04 18:48:47 +0000"
    },
    "done": true
  },
  "minecraft:recipes/building_blocks/smooth_stone": {
    "criteria": {
      "has_stone": "2024-09-04 18:24:55 +0000"
    },
    "done": true
  },
  "cfm:recipes/cfm/stone_coffee_table": {
    "criteria": {
      "has_log": "2024-09-04 18:24:55 +0000"
    },
    "done": true
  },
  "minecraft:recipes/decorations/chest": {
    "criteria": {
      "has_lots_of_items": "2024-09-04 18:28:44 +0000"
    },
    "done": true
  },
  "framedblocks:recipes/framed_blocks/framed_fancy_powered_rail": {
    "criteria": {
      "hasFramedBlock": "2024-09-04 18:56:48 +0000"
    },
    "done": true
  },
  "minecraft:recipes/building_blocks/stone_slab_from_stone_stonecutting": {
    "criteria": {
      "has_stone": "2024-09-04 18:24:55 +0000"
    },
    "done": true
  },
  "minecraft:end/elytra": {
    "criteria": {
      "elytra": "2024-09-05 16:45:23 +0000"
    },
    "done": true
  },
  "minecraft:recipes/building_blocks/chiseled_stone_bricks_stone_from_stonecutting": {
    "criteria": {
      "has_stone": "2024-09-04 18:24:55 +0000"
    },
    "done": true
  },
  "minecraft:recipes/decorations/black_bed_from_white_bed": {
    "criteria": {
      "has_bed": "2024-09-04 18:52:48 +0000"
    },
    "done": true
  },
  "cfm:recipes/cfm/green_kitchen_counter": {
    "criteria": {
      "has_concrete": "2024-09-04 18:11:37 +0000"
    },
    "done": true
  },
  "framedblocks:recipes/framed_blocks/framed_panel_rotate_to_framed_slab": {
    "criteria": {
      "has_framed_panel": "2024-09-04 18:59:37 +0000"
    },
    "done": true
  },
  "framedblocks:recipes/framed_blocks/framed_redstone_torch": {
    "criteria": {
      "hasFramedBlock": "2024-09-04 18:56:48 +0000"
    },
    "done": true
  },
  "minecraft:recipes/building_blocks/smooth_red_sandstone_stairs_from_smooth_red_sandstone_stonecutting": {
    "criteria": {
      "has_smooth_red_sandstone": "2024-09-05 14:03:36 +0000"
    },
    "done": true
  },
  "minecraft:recipes/misc/stick": {
    "criteria": {
      "has_planks": "2024-09-05 01:35:40 +0000"
    },
    "done": true
  },
  "cfm:recipes/cfm/rock_path": {
    "criteria": {
      "has_stone": "2024-09-04 18:24:55 +0000"
    },
    "done": true
  },
  "minecraft:recipes/building_blocks/stone_brick_slab_from_stone_stonecutting": {
    "criteria": {
      "has_stone": "2024-09-04 18:24:55 +0000"
    },
    "done": true
  },
  "cfm:recipes/cfm/acacia_cabinet": {
    "criteria": {
      "has_planks": "2024-09-05 01:35:40 +0000"
    },
    "done": true
  },
  "create:recipes/create.base/crafting/kinetics/large_water_wheel": {
    "criteria": {
      "has_item": "2024-09-05 20:00:03 +0000"
    },
    "done": true
  },
  "framedblocks:recipes/framed_blocks/framed_fence": {
    "criteria": {
      "hasFramedBlock": "2024-09-04 18:56:47 +0000"
    },
    "done": true
  },
  "create:recipes/create.palettes/crafting/kinetics/light_gray_seat_from_other_seat": {
    "criteria": {
      "has_seat": "2024-09-05 20:49:44 +0000"
    },
    "done": true
  },
  "minecraft:recipes/building_blocks/terracotta": {
    "criteria": {
      "has_clay_block": "2024-09-04 19:09:10 +0000"
    },
    "done": true
  },
  "cfm:recipes/cfm/stripped_spruce_park_bench": {
    "criteria": {
      "has_planks": "2024-09-05 00:58:08 +0000"
    },
    "done": true
  },
  "framedblocks:recipes/framed_blocks/framed_target": {
    "criteria": {
      "hasFramedCube": "2024-09-04 18:56:48 +0000"
    },
    "done": true
  },
  "cfm:recipes/cfm/purple_kitchen_counter": {
    "criteria": {
      "has_concrete": "2024-09-04 18:11:37 +0000"
    },
    "done": true
  },
  "minecraft:recipes/misc/firework_rocket_simple": {
    "criteria": {
      "has_gunpowder": "2024-09-05 23:43:23 +0000"
    },
    "done": true
  },
  "framedblocks:recipes/framed_blocks/framed_fancy_activator_rail": {
    "criteria": {
      "hasFramedBlock": "2024-09-04 18:56:48 +0000"
    },
    "done": true
  },
  "cfm:recipes/cfm/stripped_spruce_crate": {
    "criteria": {
      "has_log": "2024-09-05 00:58:08 +0000"
    },
    "done": true
  },
  "cfm:recipes/cfm/pink_kitchen_drawer": {
    "criteria": {
      "has_concrete": "2024-09-04 18:11:37 +0000"
    },
    "done": true
  },
  "cfm:recipes/cfm/lime_kitchen_drawer": {
    "criteria": {
      "has_concrete": "2024-09-04 18:11:37 +0000"
    },
    "done": true
  },
  "minecraft:recipes/building_blocks/smooth_quartz_slab_from_smooth_quartz_stonecutting": {
    "criteria": {
      "has_smooth_quartz": "2024-09-04 18:34:27 +0000"
    },
    "done": true
  },
  "framedblocks:recipes/framed_blocks/framed_iron_pressure_plate": {
    "criteria": {
      "hasFramedBlock": "2024-09-04 18:56:48 +0000"
    },
    "done": true
  },
  "cfm:recipes/cfm/crimson_kitchen_sink_light": {
    "criteria": {
      "has_top": "2024-09-04 18:11:37 +0000"
    },
    "done": true
  },
  "minecraft:recipes/building_blocks/dark_oak_planks": {
    "criteria": {
      "has_log": "2024-09-05 01:00:19 +0000"
    },
    "done": true
  },
  "cfm:recipes/cfm/acacia_kitchen_counter": {
    "criteria": {
      "has_planks": "2024-09-05 01:35:40 +0000"
    },
    "done": true
  },
  "minecraft:recipes/food/cake": {
    "criteria": {
      "has_egg": "2024-09-05 21:05:46 +0000"
    },
    "done": true
  },
  "cfm:recipes/cfm/stripped_jungle_kitchen_sink_dark": {
    "criteria": {
      "has_top": "2024-09-04 18:48:22 +0000"
    },
    "done": true
  },
  "create:recipes/create.palettes/crafting/kinetics/green_seat_from_other_seat": {
    "criteria": {
      "has_seat": "2024-09-05 20:49:44 +0000"
    },
    "done": true
  },
  "cfm:recipes/cfm/light_gray_kitchen_drawer": {
    "criteria": {
      "has_concrete": "2024-09-04 18:11:37 +0000"
    },
    "done": true
  },
  "cfm:recipes/cfm/light_gray_picket_gate": {
    "criteria": {
      "has_concrete": "2024-09-04 20:28:50 +0000"
    },
    "done": true
  },
  "cfm:recipes/cfm/acacia_bedside_cabinet": {
    "criteria": {
      "has_planks": "2024-09-05 01:35:40 +0000"
    },
    "done": true
  },
  "cfm:recipes/cfm/gray_kitchen_sink": {
    "criteria": {
      "has_concrete": "2024-09-04 18:11:37 +0000"
    },
    "done": true
  },
  "cfm:recipes/cfm/gray_kitchen_drawer": {
    "criteria": {
      "has_concrete": "2024-09-04 18:11:37 +0000"
    },
    "done": true
  },
  "cfm:recipes/cfm/stone_desk": {
    "criteria": {
      "has_log": "2024-09-04 18:24:55 +0000"
    },
    "done": true
  },
  "cfm:recipes/cfm/cyan_kitchen_counter": {
    "criteria": {
      "has_concrete": "2024-09-04 18:11:37 +0000"
    },
    "done": true
  },
  "framedblocks:recipes/framed_blocks/framed_glowing_cube": {
    "criteria": {
      "hasFramedCube": "2024-09-04 18:56:48 +0000"
    },
    "done": true
  },
  "cfm:recipes/cfm/black_kitchen_counter": {
    "criteria": {
      "has_concrete": "2024-09-04 18:11:37 +0000"
    },
    "done": true
  },
  "cfm:recipes/cfm/oak_kitchen_sink_dark": {
    "criteria": {
      "has_top": "2024-09-04 18:48:22 +0000"
    },
    "done": true
  },
  "cfm:recipes/cfm/acacia_coffee_table": {
    "criteria": {
      "has_planks": "2024-09-05 01:35:40 +0000"
    },
    "done": true
  },
  "cfm:recipes/cfm/yellow_kitchen_counter": {
    "criteria": {
      "has_concrete": "2024-09-04 18:11:37 +0000"
    },
    "done": true
  },
  "minecraft:recipes/building_blocks/deepslate_tiles_from_polished_deepslate_stonecutting": {
    "criteria": {
      "has_polished_deepslate": "2024-09-04 18:48:47 +0000"
    },
    "done": true
  },
  "framedblocks:recipes/framed_blocks/framed_stone_button": {
    "criteria": {
      "hasFramedBlock": "2024-09-04 18:56:48 +0000"
    },
    "done": true
  },
  "minecraft:recipes/building_blocks/polished_deepslate_slab_from_polished_deepslate_stonecutting": {
    "criteria": {
      "has_polished_deepslate": "2024-09-04 18:48:47 +0000"
    },
    "done": true
  },
  "minecraft:recipes/decorations/yellow_bed_from_white_bed": {
    "criteria": {
      "has_bed": "2024-09-04 18:52:48 +0000"
    },
    "done": true
  },
  "framedblocks:recipes/framed_blocks/framed_gold_pressure_plate": {
    "criteria": {
      "hasFramedBlock": "2024-09-04 18:56:48 +0000"
    },
    "done": true
  },
  "minecraft:recipes/building_blocks/deepslate_brick_slab_from_polished_deepslate_stonecutting": {
    "criteria": {
      "has_polished_deepslate": "2024-09-04 18:48:47 +0000"
    },
    "done": true
  },
  "create:recipes/create.palettes/crafting/kinetics/purple_seat_from_other_seat": {
    "criteria": {
      "has_seat": "2024-09-05 20:49:44 +0000"
    },
    "done": true
  },
  "minecraft:recipes/redstone/note_block": {
    "criteria": {
      "has_redstone": "2024-09-04 21:08:36 +0000"
    },
    "done": true
  },
  "cfm:recipes/cfm/stripped_spruce_desk": {
    "criteria": {
      "has_log": "2024-09-05 00:58:08 +0000"
    },
    "done": true
  },
  "cfm:recipes/cfm/stripped_dark_oak_park_bench": {
    "criteria": {
      "has_planks": "2024-09-05 01:00:19 +0000"
    },
    "done": true
  },
  "cfm:recipes/cfm/stripped_dark_oak_kitchen_counter": {
    "criteria": {
      "has_planks": "2024-09-05 01:00:19 +0000"
    },
    "done": true
  },
  "create:burner": {
    "criteria": {
      "0": "2024-09-05 21:18:32 +0000"
    },
    "done": true
  },
  "cfm:recipes/cfm/stripped_spruce_upgraded_gate": {
    "criteria": {
      "has_log": "2024-09-05 00:58:08 +0000"
    },
    "done": true
  },
  "cfm:recipes/cfm/stripped_dark_oak_bedside_cabinet": {
    "criteria": {
      "has_log": "2024-09-05 01:00:19 +0000"
    },
    "done": true
  },
  "cfm:recipes/cfm/acacia_crate": {
    "criteria": {
      "has_planks": "2024-09-05 01:35:40 +0000"
    },
    "done": true
  },
  "cfm:recipes/cfm/cyan_cooler": {
    "criteria": {
      "has_terracotta": "2024-09-04 18:25:03 +0000"
    },
    "done": true
  },
  "cfm:recipes/cfm/black_kitchen_sink": {
    "criteria": {
      "has_concrete": "2024-09-04 18:11:37 +0000"
    },
    "done": true
  },
  "cfm:recipes/cfm/jungle_kitchen_sink_light": {
    "criteria": {
      "has_top": "2024-09-04 18:11:37 +0000"
    },
    "done": true
  },
  "minecraft:recipes/building_blocks/smooth_red_sandstone_slab_from_smooth_red_sandstone_stonecutting": {
    "criteria": {
      "has_smooth_red_sandstone": "2024-09-05 14:03:36 +0000"
    },
    "done": true
  },
  "minecraft:recipes/food/cooked_chicken_from_smoking": {
    "criteria": {
      "has_chicken": "2024-09-04 20:46:25 +0000"
    },
    "done": true
  },
  "minecraft:recipes/redstone/tnt": {
    "criteria": {
      "has_gunpowder": "2024-09-05 23:43:23 +0000"
    },
    "done": true
  },
  "minecraft:recipes/building_blocks/smooth_basalt": {
    "criteria": {
      "has_basalt": "2024-09-04 18:49:54 +0000"
    },
    "done": true
  },
  "create:recipes/create.palettes/crafting/kinetics/orange_seat_from_other_seat": {
    "criteria": {
      "has_seat": "2024-09-05 20:49:44 +0000"
    },
    "done": true
  },
  "minecraft:recipes/building_blocks/acacia_slab": {
    "criteria": {
      "has_planks": "2024-09-05 01:35:40 +0000"
    },
    "done": true
  },
  "framedblocks:recipes/framed_blocks/framed_button": {
    "criteria": {
      "hasFramedBlock": "2024-09-04 18:56:48 +0000"
    },
    "done": true
  },
  "minecraft:recipes/building_blocks/stone_stairs_from_stone_stonecutting": {
    "criteria": {
      "has_stone": "2024-09-04 18:24:55 +0000"
    },
    "done": true
  },
  "minecraft:recipes/decorations/acacia_fence": {
    "criteria": {
      "has_planks": "2024-09-05 01:35:40 +0000"
    },
    "done": true
  },
  "cfm:recipes/cfm/spruce_kitchen_sink_dark": {
    "criteria": {
      "has_top": "2024-09-04 18:48:22 +0000"
    },
    "done": true
  },
  "minecraft:recipes/decorations/magenta_bed_from_white_bed": {
    "criteria": {
      "has_bed": "2024-09-04 18:52:48 +0000"
    },
    "done": true
  },
  "cfm:recipes/cfm/dark_oak_kitchen_sink_dark": {
    "criteria": {
      "has_top": "2024-09-04 18:48:22 +0000"
    },
    "done": true
  },
  "framedblocks:recipes/framed_blocks/framed_stone_pressure_plate": {
    "criteria": {
      "hasFramedBlock": "2024-09-04 18:56:48 +0000"
    },
    "done": true
  },
  "framedblocks:recipes/framed_blocks/framed_wall": {
    "criteria": {
      "hasFramedBlock": "2024-09-04 18:56:48 +0000"
    },
    "done": true
  },
  "cfm:recipes/cfm/purple_kitchen_sink": {
    "criteria": {
      "has_concrete": "2024-09-04 18:11:37 +0000"
    },
    "done": true
  },
  "minecraft:recipes/decorations/orange_bed_from_white_bed": {
    "criteria": {
      "has_bed": "2024-09-04 18:52:48 +0000"
    },
    "done": true
  },
  "framedblocks:recipes/framed_blocks/framed_door": {
    "criteria": {
      "hasFramedBlock": "2024-09-04 18:56:48 +0000"
    },
    "done": true
  },
  "framedblocks:recipes/framed_blocks/framed_obsidian_pressure_plate": {
    "criteria": {
      "hasFramedBlock": "2024-09-04 18:56:48 +0000"
    },
    "done": true
  },
  "cfm:recipes/cfm/stripped_dark_oak_upgraded_gate": {
    "criteria": {
      "has_log": "2024-09-05 01:00:19 +0000"
    },
    "done": true
  },
  "cfm:recipes/cfm/stripped_spruce_bedside_cabinet": {
    "criteria": {
      "has_log": "2024-09-05 00:58:08 +0000"
    },
    "done": true
  },
  "create:recipes/create.palettes/crafting/kinetics/cyan_seat_from_other_seat": {
    "criteria": {
      "has_seat": "2024-09-05 20:49:44 +0000"
    },
    "done": true
  },
  "cfm:recipes/cfm/magenta_kitchen_drawer": {
    "criteria": {
      "has_concrete": "2024-09-04 18:11:37 +0000"
    },
    "done": true
  },
  "cfm:recipes/cfm/brown_kitchen_drawer": {
    "criteria": {
      "has_concrete": "2024-09-04 18:11:37 +0000"
    },
    "done": true
  },
  "minecraft:recipes/redstone/target": {
    "criteria": {
      "has_redstone": "2024-09-04 21:08:36 +0000"
    },
    "done": true
  },
  "cfm:recipes/cfm/stripped_spruce_table": {
    "criteria": {
      "has_log": "2024-09-05 00:58:08 +0000"
    },
    "done": true
  },
  "cfm:recipes/cfm/dark_oak_kitchen_sink_light": {
    "criteria": {
      "has_top": "2024-09-04 18:11:37 +0000"
    },
    "done": true
  },
  "framedblocks:recipes/framed_blocks/framed_panel": {
    "criteria": {
      "hasFramedBlock": "2024-09-04 18:56:48 +0000"
    },
    "done": true
  },
  "minecraft:adventure/sleep_in_bed": {
    "criteria": {
      "slept_in_bed": "2024-09-04 18:52:52 +0000"
    },
    "done": true
  },
  "minecraft:recipes/misc/charcoal": {
    "criteria": {
      "has_log": "2024-09-05 00:58:08 +0000"
    },
    "done": true
  },
  "minecraft:recipes/building_blocks/spruce_planks": {
    "criteria": {
      "has_logs": "2024-09-05 00:58:08 +0000"
    },
    "done": true
  },
  "cfm:recipes/cfm/light_gray_picket_fence": {
    "criteria": {
      "has_concrete": "2024-09-04 20:28:50 +0000"
    },
    "done": true
  },
  "minecraft:recipes/building_blocks/deepslate_tile_stairs_from_polished_deepslate_stonecutting": {
    "criteria": {
      "has_polished_deepslate": "2024-09-04 18:48:47 +0000"
    },
    "done": true
  },
  "minecraft:recipes/redstone/redstone_torch": {
    "criteria": {
      "has_redstone": "2024-09-04 21:08:36 +0000"
    },
    "done": true
  },
  "cfm:recipes/cfm/orange_kitchen_sink": {
    "criteria": {
      "has_concrete": "2024-09-04 18:11:37 +0000"
    },
    "done": true
  },
  "framedblocks:recipes/framed_blocks/framed_stairs": {
    "criteria": {
      "hasFramedBlock": "2024-09-04 18:56:48 +0000"
    },
    "done": true
  },
  "cfm:recipes/cfm/stripped_dark_oak_table": {
    "criteria": {
      "has_log": "2024-09-05 01:00:19 +0000"
    },
    "done": true
  },
  "cfm:recipes/cfm/gray_kitchen_counter": {
    "criteria": {
      "has_concrete": "2024-09-04 18:11:37 +0000"
    },
    "done": true
  },
  "cfm:recipes/cfm/stripped_dark_oak_chair": {
    "criteria": {
      "has_log": "2024-09-05 01:00:19 +0000"
    },
    "done": true
  },
  "minecraft:recipes/redstone/acacia_door": {
    "criteria": {
      "has_planks": "2024-09-05 01:35:40 +0000"
    },
    "done": true
  },
  "cfm:recipes/cfm/stripped_dark_oak_desk": {
    "criteria": {
      "has_log": "2024-09-05 01:00:19 +0000"
    },
    "done": true
  },
  "cfm:recipes/cfm/stripped_warped_kitchen_sink_light": {
    "criteria": {
      "has_top": "2024-09-04 18:11:37 +0000"
    },
    "done": true
  },
  "cfm:recipes/cfm/blue_kitchen_counter": {
    "criteria": {
      "has_concrete": "2024-09-04 18:11:37 +0000"
    },
    "done": true
  },
  "framedblocks:recipes/framed_blocks/framed_half_pillar": {
    "criteria": {
      "hasFramedSlabCorner": "2024-09-04 19:06:54 +0000"
    },
    "done": true
  },
  "minecraft:recipes/building_blocks/smooth_quartz_slab": {
    "criteria": {
      "has_smooth_quartz": "2024-09-04 18:34:27 +0000"
    },
    "done": true
  },
  "minecraft:recipes/decorations/cyan_bed_from_white_bed": {
    "criteria": {
      "has_bed": "2024-09-04 18:52:48 +0000"
    },
    "done": true
  },
  "cfm:recipes/cfm/stripped_dark_oak_coffee_table": {
    "criteria": {
      "has_log": "2024-09-05 01:00:19 +0000"
    },
    "done": true
  },
  "framedblocks:recipes/framed_blocks/framed_slab_corner": {
    "criteria": {
      "hasFramedSlab": "2024-09-04 18:46:27 +0000"
    },
    "done": true
  },
  "framedblocks:recipes/framed_blocks/framed_sign": {
    "criteria": {
      "hasFramedBlock": "2024-09-04 18:56:48 +0000"
    },
    "done": true
  },
  "minecraft:adventure/root": {
    "criteria": {
      "killed_something": "2024-09-04 20:46:25 +0000"
    },
    "done": true
  },
  "minecraft:recipes/building_blocks/polished_basalt_from_basalt_stonecutting": {
    "criteria": {
      "has_basalt": "2024-09-04 18:49:54 +0000"
    },
    "done": true
  },
  "cfm:recipes/cfm/stripped_spruce_cabinet": {
    "criteria": {
      "has_planks": "2024-09-05 00:58:08 +0000"
    },
    "done": true
  },
  "cfm:recipes/cfm/black_kitchen_drawer": {
    "criteria": {
      "has_concrete": "2024-09-04 18:11:37 +0000"
    },
    "done": true
  },
  "framedblocks:recipes/framed_blocks/framed_slab_rotate_to_framed_panel": {
    "criteria": {
      "has_framed_slab": "2024-09-04 18:46:27 +0000"
    },
    "done": true
  },
  "minecraft:recipes/decorations/gray_bed_from_white_bed": {
    "criteria": {
      "has_bed": "2024-09-04 18:52:48 +0000"
    },
    "done": true
  },
  "minecraft:recipes/building_blocks/stone_brick_stairs_from_stone_stonecutting": {
    "criteria": {
      "has_stone": "2024-09-04 18:24:55 +0000"
    },
    "done": true
  },
  "minecraft:recipes/decorations/polished_deepslate_wall": {
    "criteria": {
      "has_polished_deepslate": "2024-09-04 18:48:47 +0000"
    },
    "done": true
  },
  "minecraft:recipes/decorations/lime_bed_from_white_bed": {
    "criteria": {
      "has_bed": "2024-09-04 18:52:48 +0000"
    },
    "done": true
  },
  "minecraft:recipes/tools/clock": {
    "criteria": {
      "has_redstone": "2024-09-04 21:08:36 +0000"
    },
    "done": true
  },
  "cfm:recipes/cfm/stripped_spruce_blinds": {
    "criteria": {
      "has_log": "2024-09-05 00:58:08 +0000"
    },
    "done": true
  },
  "cfm:recipes/cfm/acacia_kitchen_sink_dark": {
    "criteria": {
      "has_top": "2024-09-04 18:48:22 +0000"
    },
    "done": true
  },
  "minecraft:adventure/kill_all_mobs": {
    "criteria": {
      "minecraft:creeper": "2024-09-05 23:43:22 +0000"
    },
    "done": false
  },
  "cfm:recipes/cfm/stripped_spruce_kitchen_sink_light": {
    "criteria": {
      "has_top": "2024-09-04 18:11:37 +0000"
    },
    "done": true
  },
  "minecraft:recipes/decorations/green_bed_from_white_bed": {
    "criteria": {
      "has_bed": "2024-09-04 18:52:48 +0000"
    },
    "done": true
  },
  "framedblocks:recipes/framed_blocks/framed_torch": {
    "criteria": {
      "hasFramedBlock": "2024-09-04 18:56:48 +0000"
    },
    "done": true
  },
  "minecraft:recipes/redstone/redstone_block": {
    "criteria": {
      "has_redstone": "2024-09-04 21:08:36 +0000"
    },
    "done": true
  },
  "cfm:recipes/cfm/stripped_spruce_coffee_table": {
    "criteria": {
      "has_log": "2024-09-05 00:58:08 +0000"
    },
    "done": true
  },
  "minecraft:recipes/decorations/pink_bed_from_white_bed": {
    "criteria": {
      "has_bed": "2024-09-04 18:52:48 +0000"
    },
    "done": true
  },
  "framedblocks:recipes/framed_blocks/framed_chest": {
    "criteria": {
      "hasFramedBlock": "2024-09-04 18:56:48 +0000"
    },
    "done": true
  },
  "minecraft:recipes/food/cooked_chicken_from_campfire_cooking": {
    "criteria": {
      "has_chicken": "2024-09-04 20:46:25 +0000"
    },
    "done": true
  },
  "minecraft:recipes/building_blocks/deepslate_bricks": {
    "criteria": {
      "has_polished_deepslate": "2024-09-04 18:48:47 +0000"
    },
    "done": true
  },
  "framedblocks:recipes/framed_blocks/framed_soul_torch": {
    "criteria": {
      "hasFramedBlock": "2024-09-04 18:56:48 +0000"
    },
    "done": true
  },
  "cfm:recipes/cfm/blue_kitchen_sink": {
    "criteria": {
      "has_concrete": "2024-09-04 18:11:37 +0000"
    },
    "done": true
  },
  "create:root": {
    "criteria": {
      "0": "2024-09-05 19:59:03 +0000"
    },
    "done": true
  },
  "create:recipes/create.palettes/crafting/kinetics/yellow_seat_from_other_seat": {
    "criteria": {
      "has_seat": "2024-09-05 20:49:44 +0000"
    },
    "done": true
  },
  "framedblocks:recipes/framed_blocks/framed_glowing_item_frame": {
    "criteria": {
      "hasFramedItemFrame": "2024-09-04 20:34:27 +0000"
    },
    "done": true
  },
  "framedblocks:recipes/framed_blocks/framed_pane": {
    "criteria": {
      "hasFramedBlock": "2024-09-04 18:56:48 +0000"
    },
    "done": true
  },
  "cfm:recipes/cfm/stripped_dark_oak_upgraded_fence": {
    "criteria": {
      "has_log": "2024-09-05 01:00:19 +0000"
    },
    "done": true
  },
  "create:recipes/create.palettes/crafting/kinetics/lime_seat_from_other_seat": {
    "criteria": {
      "has_seat": "2024-09-05 20:49:44 +0000"
    },
    "done": true
  },
  "create:recipes/create.palettes/crafting/kinetics/red_seat_from_other_seat": {
    "criteria": {
      "has_seat": "2024-09-05 20:49:44 +0000"
    },
    "done": true
  },
  "framedblocks:recipes/framed_blocks/framed_collapsible_block": {
    "criteria": {
      "hasFramedBlock": "2024-09-04 18:56:48 +0000"
    },
    "done": true
  },
  "minecraft:recipes/decorations/anvil": {
    "criteria": {
      "has_iron_block": "2024-09-04 18:10:06 +0000"
    },
    "done": true
  },
  "minecraft:recipes/decorations/blue_bed_from_white_bed": {
    "criteria": {
      "has_bed": "2024-09-04 18:52:48 +0000"
    },
    "done": true
  },
  "cfm:recipes/cfm/stripped_spruce_upgraded_fence": {
    "criteria": {
      "has_log": "2024-09-05 00:58:08 +0000"
    },
    "done": true
  },
  "framedblocks:recipes/framed_blocks/framed_bouncy_cube": {
    "criteria": {
      "hasFramedBlock": "2024-09-04 18:56:48 +0000"
    },
    "done": true
  },
  "cfm:recipes/cfm/white_picket_gate": {
    "criteria": {
      "has_concrete": "2024-09-04 18:11:37 +0000"
    },
    "done": true
  },
  "cfm:recipes/cfm/stripped_oak_kitchen_sink_light": {
    "criteria": {
      "has_top": "2024-09-04 18:11:37 +0000"
    },
    "done": true
  },
  "minecraft:recipes/decorations/deepslate_tile_wall_from_polished_deepslate_stonecutting": {
    "criteria": {
      "has_polished_deepslate": "2024-09-04 18:48:47 +0000"
    },
    "done": true
  },
  "framedblocks:recipes/framed_blocks/framed_secret_storage": {
    "criteria": {
      "hasFramedBlock": "2024-09-04 18:56:48 +0000"
    },
    "done": true
  },
  "minecraft:recipes/decorations/cyan_glazed_terracotta": {
    "criteria": {
      "has_cyan_terracotta": "2024-09-04 18:25:03 +0000"
    },
    "done": true
  },
  "framedblocks:recipes/framed_blocks/framed_cube": {
    "criteria": {
      "hasPlanks": "2024-09-05 01:35:40 +0000"
    },
    "done": true
  },
  "cfm:recipes/cfm/stripped_crimson_kitchen_sink_light": {
    "criteria": {
      "has_top": "2024-09-04 18:11:37 +0000"
    },
    "done": true
  },
  "minecraft:recipes/building_blocks/stone_bricks_from_stone_stonecutting": {
    "criteria": {
      "has_stone": "2024-09-04 18:24:55 +0000"
    },
    "done": true
  },
  "framedblocks:recipes/framed_blocks/framed_horizontal_pane": {
    "criteria": {
      "hasFramedPane": "2024-09-04 18:45:56 +0000"
    },
    "done": true
  },
  "minecraft:recipes/decorations/polished_deepslate_wall_from_polished_deepslate_stonecutting": {
    "criteria": {
      "has_polished_deepslate": "2024-09-04 18:48:47 +0000"
    },
    "done": true
  },
  "cfm:recipes/cfm/stripped_warped_kitchen_sink_dark": {
    "criteria": {
      "has_top": "2024-09-04 18:48:22 +0000"
    },
    "done": true
  },
  "minecraft:recipes/building_blocks/deepslate_brick_stairs_from_polished_deepslate_stonecutting": {
    "criteria": {
      "has_polished_deepslate": "2024-09-04 18:48:47 +0000"
    },
    "done": true
  },
  "cfm:recipes/cfm/stripped_oak_kitchen_sink_dark": {
    "criteria": {
      "has_top": "2024-09-04 18:48:22 +0000"
    },
    "done": true
  },
  "create:recipes/create.palettes/crafting/kinetics/white_seat_from_other_seat": {
    "criteria": {
      "has_seat": "2024-09-05 20:49:44 +0000"
    },
    "done": true
  },
  "minecraft:recipes/building_blocks/stripped_dark_oak_wood": {
    "criteria": {
      "has_log": "2024-09-05 01:00:19 +0000"
    },
    "done": true
  },
  "minecraft:recipes/redstone/acacia_pressure_plate": {
    "criteria": {
      "has_planks": "2024-09-05 01:35:40 +0000"
    },
    "done": true
  },
  "cfm:recipes/cfm/white_picket_fence": {
    "criteria": {
      "has_concrete": "2024-09-04 18:11:37 +0000"
    },
    "done": true
  },
  "cfm:recipes/cfm/gray_picket_fence": {
    "criteria": {
      "has_concrete": "2024-09-04 18:48:22 +0000"
    },
    "done": true
  },
  "minecraft:recipes/food/cooked_chicken_from_grill_cooking": {
    "criteria": {
      "has_chicken": "2024-09-04 20:46:25 +0000"
    },
    "done": true
  },
  "cfm:recipes/cfm/stripped_spruce_kitchen_drawer": {
    "criteria": {
      "has_planks": "2024-09-05 00:58:08 +0000"
    },
    "done": true
  },
  "cfm:recipes/cfm/magenta_kitchen_sink": {
    "criteria": {
      "has_concrete": "2024-09-04 18:11:37 +0000"
    },
    "done": true
  },
  "cfm:recipes/cfm/cyan_kitchen_drawer": {
    "criteria": {
      "has_concrete": "2024-09-04 18:11:37 +0000"
    },
    "done": true
  },
  "cfm:recipes/cfm/crimson_kitchen_sink_dark": {
    "criteria": {
      "has_top": "2024-09-04 18:48:22 +0000"
    },
    "done": true
  },
  "minecraft:recipes/building_blocks/mossy_stone_bricks_from_vine": {
    "criteria": {
      "has_vine": "2024-09-05 13:16:25 +0000"
    },
    "done": true
  },
  "framedblocks:recipes/framed_blocks/framed_floor_board": {
    "criteria": {
      "hasFramedSlab": "2024-09-04 18:46:27 +0000"
    },
    "done": true
  },
  "framedblocks:recipes/framed_blocks/framed_flower_pot": {
    "criteria": {
      "hasFramedBlock": "2024-09-04 18:56:48 +0000"
    },
    "done": true
  },
  "framedblocks:recipes/framed_blocks/framed_fancy_detector_rail": {
    "criteria": {
      "hasFramedBlock": "2024-09-04 18:56:48 +0000"
    },
    "done": true
  },
  "framedblocks:recipes/framed_blocks/framed_wrench": {
    "criteria": {
      "hasFramedBlock": "2024-09-04 18:56:48 +0000"
    },
    "done": true
  },
  "minecraft:recipes/building_blocks/stone_slab": {
    "criteria": {
      "has_stone": "2024-09-04 18:24:55 +0000"
    },
    "done": true
  },
  "minecraft:recipes/redstone/acacia_fence_gate": {
    "criteria": {
      "has_planks": "2024-09-05 01:35:40 +0000"
    },
    "done": true
  },
  "minecraft:recipes/building_blocks/smooth_red_sandstone_stairs": {
    "criteria": {
      "has_smooth_red_sandstone": "2024-09-05 14:03:36 +0000"
    },
    "done": true
  },
  "create:recipes/create.palettes/crafting/kinetics/blue_seat_from_other_seat": {
    "criteria": {
      "has_seat": "2024-09-05 20:49:44 +0000"
    },
    "done": true
  },
  "minecraft:recipes/combat/arrow": {
    "criteria": {
      "has_feather": "2024-09-05 21:06:19 +0000"
    },
    "done": true
  },
  "cfm:recipes/cfm/acacia_kitchen_sink_light": {
    "criteria": {
      "has_top": "2024-09-04 18:11:37 +0000"
    },
    "done": true
  },
  "cfm:recipes/cfm/black_picket_gate": {
    "criteria": {
      "has_concrete": "2024-09-04 18:38:00 +0000"
    },
    "done": true
  },
  "framedblocks:recipes/framed_blocks/framed_slab": {
    "criteria": {
      "hasFramedBlock": "2024-09-04 18:56:48 +0000"
    },
    "done": true
  },
  "cfm:recipes/cfm/blue_kitchen_drawer": {
    "criteria": {
      "has_concrete": "2024-09-04 18:11:37 +0000"
    },
    "done": true
  },
  "cfm:recipes/cfm/black_picket_fence": {
    "criteria": {
      "has_concrete": "2024-09-04 18:38:00 +0000"
    },
    "done": true
  },
  "cfm:recipes/cfm/cyan_kitchen_sink": {
    "criteria": {
      "has_concrete": "2024-09-04 18:11:37 +0000"
    },
    "done": true
  },
  "minecraft:husbandry/obtain_netherite_hoe": {
    "criteria": {
      "netherite_hoe": "2024-09-05 15:00:09 +0000"
    },
    "done": true
  },
  "cfm:recipes/cfm/red_kitchen_counter": {
    "criteria": {
      "has_concrete": "2024-09-04 18:11:37 +0000"
    },
    "done": true
  },
  "framedblocks:recipes/framed_blocks/framed_double_stairs": {
    "criteria": {
      "hasFramedStairs": "2024-09-04 19:02:44 +0000"
    },
    "done": true
  },
  "cfm:recipes/cfm/white_kitchen_drawer": {
    "criteria": {
      "has_concrete": "2024-09-04 18:11:37 +0000"
    },
    "done": true
  },
  "minecraft:recipes/building_blocks/polished_deepslate_stairs_from_polished_deepslate_stonecutting": {
    "criteria": {
      "has_polished_deepslate": "2024-09-04 18:48:47 +0000"
    },
    "done": true
  },
  "cfm:recipes/cfm/stripped_dark_oak_cabinet": {
    "criteria": {
      "has_planks": "2024-09-05 01:00:19 +0000"
    },
    "done": true
  },
  "cfm:recipes/cfm/green_kitchen_sink": {
    "criteria": {
      "has_concrete": "2024-09-04 18:11:37 +0000"
    },
    "done": true
  },
  "minecraft:recipes/building_blocks/deepslate_bricks_from_polished_deepslate_stonecutting": {
    "criteria": {
      "has_polished_deepslate": "2024-09-04 18:48:47 +0000"
    },
    "done": true
  },
  "create:recipes/create.palettes/crafting/kinetics/magenta_seat_from_other_seat": {
    "criteria": {
      "has_seat": "2024-09-05 20:49:44 +0000"
    },
    "done": true
  },
  "cfm:recipes/cfm/purple_kitchen_drawer": {
    "criteria": {
      "has_concrete": "2024-09-04 18:11:37 +0000"
    },
    "done": true
  },
  "framedblocks:recipes/framed_blocks/framed_lattice_block": {
    "criteria": {
      "hasFramedBlock": "2024-09-04 18:56:48 +0000"
    },
    "done": true
  },
  "minecraft:recipes/redstone/acacia_trapdoor": {
    "criteria": {
      "has_planks": "2024-09-05 01:35:40 +0000"
    },
    "done": true
  },
  "cfm:recipes/cfm/stripped_spruce_chair": {
    "criteria": {
      "has_log": "2024-09-05 00:58:08 +0000"
    },
    "done": true
  },
  "framedblocks:recipes/framed_blocks/framed_double_slope_panel_rotate_to_framed_double_slope_slab": {
    "criteria": {
      "has_framed_double_slope_panel": "2024-09-04 18:56:32 +0000"
    },
    "done": true
  },
  "cfm:recipes/cfm/stripped_spruce_desk_cabinet": {
    "criteria": {
      "has_log": "2024-09-05 00:58:08 +0000"
    },
    "done": true
  },
  "create:recipes/create.palettes/crafting/kinetics/gray_seat_from_other_seat": {
    "criteria": {
      "has_seat": "2024-09-05 20:49:44 +0000"
    },
    "done": true
  },
  "cfm:recipes/cfm/stripped_acacia_kitchen_sink_dark": {
    "criteria": {
      "has_top": "2024-09-04 18:48:22 +0000"
    },
    "done": true
  },
  "minecraft:recipes/building_blocks/polished_deepslate_stairs": {
    "criteria": {
      "has_polished_deepslate": "2024-09-04 18:48:47 +0000"
    },
    "done": true
  },
  "create:recipes/create.palettes/crafting/kinetics/black_seat_from_other_seat": {
    "criteria": {
      "has_seat": "2024-09-05 20:49:44 +0000"
    },
    "done": true
  },
  "create:train": {
    "criteria": {
      "0": "2024-09-05 21:04:53 +0000"
    },
    "done": true
  },
  "cfm:recipes/cfm/stripped_spruce_kitchen_counter": {
    "criteria": {
      "has_planks": "2024-09-05 00:58:08 +0000"
    },
    "done": true
  },
  "minecraft:recipes/building_blocks/polished_basalt": {
    "criteria": {
      "has_basalt": "2024-09-04 18:49:54 +0000"
    },
    "done": true
  },
  "cfm:recipes/cfm/orange_kitchen_drawer": {
    "criteria": {
      "has_concrete": "2024-09-04 18:11:37 +0000"
    },
    "done": true
  },
  "minecraft:recipes/building_blocks/smooth_quartz_stairs": {
    "criteria": {
      "has_smooth_quartz": "2024-09-04 18:34:27 +0000"
    },
    "done": true
  },
  "create:track_0": {
    "criteria": {
      "0": "2024-09-05 20:03:38 +0000"
    },
    "done": true
  },
  "minecraft:recipes/redstone/stone_button": {
    "criteria": {
      "has_stone": "2024-09-04 18:24:55 +0000"
    },
    "done": true
  },
  "minecraft:recipes/redstone/dropper": {
    "criteria": {
      "has_redstone": "2024-09-04 21:08:36 +0000"
    },
    "done": true
  },
  "framedblocks:recipes/framed_blocks/framed_slope": {
    "criteria": {
      "hasFramedBlock": "2024-09-04 18:56:48 +0000"
    },
    "done": true
  },
  "cfm:recipes/cfm/lime_kitchen_sink": {
    "criteria": {
      "has_concrete": "2024-09-04 18:11:37 +0000"
    },
    "done": true
  },
  "cfm:recipes/cfm/warped_kitchen_sink_dark": {
    "criteria": {
      "has_top": "2024-09-04 18:48:22 +0000"
    },
    "done": true
  },
  "cfm:recipes/cfm/acacia_table": {
    "criteria": {
      "has_planks": "2024-09-05 01:35:40 +0000"
    },
    "done": true
  },
  "framedblocks:recipes/framed_blocks/framed_vertical_stairs": {
    "criteria": {
      "hasFramedBlock": "2024-09-04 18:56:48 +0000"
    },
    "done": true
  },
  "cfm:recipes/cfm/acacia_park_bench": {
    "criteria": {
      "has_planks": "2024-09-05 01:35:40 +0000"
    },
    "done": true
  },
  "cfm:recipes/cfm/acacia_chair": {
    "criteria": {
      "has_planks": "2024-09-05 01:35:40 +0000"
    },
    "done": true
  },
  "cfm:recipes/cfm/stripped_dark_oak_desk_cabinet": {
    "criteria": {
      "has_log": "2024-09-05 01:00:19 +0000"
    },
    "done": true
  },
  "minecraft:recipes/decorations/light_blue_bed_from_white_bed": {
    "criteria": {
      "has_bed": "2024-09-04 18:52:48 +0000"
    },
    "done": true
  },
  "framedblocks:recipes/framed_blocks/framed_ladder": {
    "criteria": {
      "hasFramedBlock": "2024-09-04 18:56:48 +0000"
    },
    "done": true
  },
  "framedblocks:recipes/framed_blocks/framed_inv_double_slope_panel": {
    "criteria": {
      "hasFramedDoubleSlopePanel": "2024-09-04 18:56:32 +0000"
    },
    "done": true
  },
  "minecraft:recipes/tools/compass": {
    "criteria": {
      "has_redstone": "2024-09-04 21:08:36 +0000"
    },
    "done": true
  },
  "minecraft:recipes/redstone/repeater": {
    "criteria": {
      "has_redstone_torch": "2024-09-04 21:08:40 +0000"
    },
    "done": true
  },
  "minecraft:adventure/kill_a_mob": {
    "criteria": {
      "minecraft:creeper": "2024-09-05 23:43:22 +0000"
    },
    "done": true
  },
  "framedblocks:recipes/framed_blocks/framed_gate": {
    "criteria": {
      "hasFramedBlock": "2024-09-04 18:56:48 +0000"
    },
    "done": true
  },
  "create:recipes/create.base/crafting/appliances/netherite_backtank": {
    "criteria": {
      "has_item": "2024-09-05 20:00:24 +0000"
    },
    "done": true
  },
  "cfm:recipes/cfm/light_gray_kitchen_sink": {
    "criteria": {
      "has_concrete": "2024-09-04 18:11:37 +0000"
    },
    "done": true
  },
  "cfm:recipes/cfm/acacia_kitchen_drawer": {
    "criteria": {
      "has_planks": "2024-09-05 01:35:40 +0000"
    },
    "done": true
  },
  "cfm:recipes/cfm/pink_kitchen_counter": {
    "criteria": {
      "has_concrete": "2024-09-04 18:11:37 +0000"
    },
    "done": true
  },
  "cfm:recipes/cfm/stripped_birch_kitchen_sink_dark": {
    "criteria": {
      "has_top": "2024-09-04 18:48:22 +0000"
    },
    "done": true
  },
  "framedblocks:recipes/framed_blocks/framed_fence_from_post": {
    "criteria": {
      "hasFramedPost": "2024-09-04 19:07:06 +0000"
    },
    "done": true
  },
  "framedblocks:recipes/framed_blocks/framed_trapdoor": {
    "criteria": {
      "hasFramedSlab": "2024-09-04 18:46:27 +0000"
    },
    "done": true
  },
  "minecraft:recipes/decorations/stonecutter": {
    "criteria": {
      "has_stone": "2024-09-04 18:24:55 +0000"
    },
    "done": true
  },
  "cfm:recipes/cfm/brown_kitchen_sink": {
    "criteria": {
      "has_concrete": "2024-09-04 18:11:37 +0000"
    },
    "done": true
  },
  "minecraft:recipes/building_blocks/mossy_cobblestone_from_vine": {
    "criteria": {
      "has_vine": "2024-09-05 13:16:25 +0000"
    },
    "done": true
  },
  "minecraft:recipes/building_blocks/smooth_quartz_stairs_from_smooth_quartz_stonecutting": {
    "criteria": {
      "has_smooth_quartz": "2024-09-04 18:34:27 +0000"
    },
    "done": true
  },
  "framedblocks:recipes/framed_blocks/framed_redstone_block": {
    "criteria": {
      "hasFramedBlock": "2024-09-04 18:56:48 +0000"
    },
    "done": true
  },
  "minecraft:adventure/adventuring_time": {
    "criteria": {
      "minecraft:plains": "2024-09-04 18:08:57 +0000"
    },
    "done": false
  },
  "cfm:recipes/cfm/stripped_crimson_kitchen_sink_dark": {
    "criteria": {
      "has_top": "2024-09-04 18:48:22 +0000"
    },
    "done": true
  },
  "minecraft:recipes/decorations/purple_bed_from_white_bed": {
    "criteria": {
      "has_bed": "2024-09-04 18:52:48 +0000"
    },
    "done": true
  },
  "framedblocks:recipes/framed_blocks/framed_post": {
    "criteria": {
      "hasFramedFence": "2024-09-05 16:19:51 +0000"
    },
    "done": true
  },
  "create:recipes/create.palettes/crafting/kinetics/brown_seat_from_other_seat": {
    "criteria": {
      "has_seat": "2024-09-05 20:49:44 +0000"
    },
    "done": true
  },
  "cfm:recipes/cfm/green_kitchen_drawer": {
    "criteria": {
      "has_concrete": "2024-09-04 18:11:37 +0000"
    },
    "done": true
  },
  "cfm:recipes/cfm/brown_kitchen_counter": {
    "criteria": {
      "has_concrete": "2024-09-04 18:11:37 +0000"
    },
    "done": true
  },
  "minecraft:recipes/decorations/barrel": {
    "criteria": {
      "has_planks": "2024-09-05 01:35:40 +0000"
    },
    "done": true
  },
  "cfm:recipes/cfm/stone_cabinet": {
    "criteria": {
      "has_log": "2024-09-04 18:24:55 +0000"
    },
    "done": true
  },
  "minecraft:recipes/building_blocks/polished_deepslate_slab": {
    "criteria": {
      "has_polished_deepslate": "2024-09-04 18:48:47 +0000"
    },
    "done": true
  },
  "cfm:recipes/cfm/acacia_desk": {
    "criteria": {
      "has_planks": "2024-09-05 01:35:40 +0000"
    },
    "done": true
  },
  "cfm:recipes/cfm/orange_kitchen_counter": {
    "criteria": {
      "has_concrete": "2024-09-04 18:11:37 +0000"
    },
    "done": true
  },
  "cfm:recipes/cfm/stripped_acacia_kitchen_sink_light": {
    "criteria": {
      "has_top": "2024-09-04 18:11:37 +0000"
    },
    "done": true
  },
  "cfm:recipes/cfm/magenta_kitchen_counter": {
    "criteria": {
      "has_concrete": "2024-09-04 18:11:37 +0000"
    },
    "done": true
  },
  "framedblocks:recipes/framed_blocks/framed_blueprint": {
    "criteria": {
      "hasFramedBlock": "2024-09-04 18:56:48 +0000"
    },
    "done": true
  },
  "cfm:recipes/cfm/spruce_kitchen_sink_light": {
    "criteria": {
      "has_top": "2024-09-04 18:11:37 +0000"
    },
    "done": true
  },
  "minecraft:recipes/redstone/stone_pressure_plate": {
    "criteria": {
      "has_stone": "2024-09-04 18:24:55 +0000"
    },
    "done": true
  },
  "cfm:recipes/cfm/stripped_dark_oak_crate": {
    "criteria": {
      "has_log": "2024-09-05 01:00:19 +0000"
    },
    "done": true
  },
  "framedblocks:recipes/framed_blocks/framed_bars": {
    "criteria": {
      "hasFramedBlock": "2024-09-04 18:56:48 +0000"
    },
    "done": true
  },
  "cfm:recipes/cfm/pink_kitchen_sink": {
    "criteria": {
      "has_concrete": "2024-09-04 18:11:37 +0000"
    },
    "done": true
  },
  "minecraft:nether/netherite_armor": {
    "criteria": {
      "netherite_armor": "2024-09-04 18:17:57 +0000"
    },
    "done": true
  },
  "minecraft:recipes/misc/iron_ingot_from_iron_block": {
    "criteria": {
      "has_iron_block": "2024-09-04 18:10:06 +0000"
    },
    "done": true
  },
  "minecraft:recipes/decorations/stone_brick_walls_from_stone_stonecutting": {
    "criteria": {
      "has_stone": "2024-09-04 18:24:55 +0000"
    },
    "done": true
  },
  "framedblocks:recipes/framed_blocks/framed_screwdriver": {
    "criteria": {
      "hasFramedBlock": "2024-09-04 18:56:48 +0000"
    },
    "done": true
  },
  "framedblocks:recipes/framed_blocks/framed_key": {
    "criteria": {
      "hasFramedBlock": "2024-09-04 18:56:48 +0000"
    },
    "done": true
  },
  "cfm:recipes/cfm/red_kitchen_drawer": {
    "criteria": {
      "has_concrete": "2024-09-04 18:11:37 +0000"
    },
    "done": true
  },
  "cfm:recipes/cfm/light_blue_kitchen_drawer": {
    "criteria": {
      "has_concrete": "2024-09-04 18:11:37 +0000"
    },
    "done": true
  },
  "cfm:recipes/cfm/gray_picket_gate": {
    "criteria": {
      "has_concrete": "2024-09-04 18:48:22 +0000"
    },
    "done": true
  },
  "cfm:recipes/cfm/warped_kitchen_sink_light": {
    "criteria": {
      "has_top": "2024-09-04 18:11:37 +0000"
    },
    "done": true
  },
  "framedblocks:recipes/framed_blocks/framed_pressure_plate": {
    "criteria": {
      "hasFramedBlock": "2024-09-04 18:56:48 +0000"
    },
    "done": true
  },
  "framedblocks:recipes/framed_blocks/framed_lever": {
    "criteria": {
      "hasFramedBlock": "2024-09-04 18:56:48 +0000"
    },
    "done": true
  },
  "minecraft:recipes/decorations/acacia_sign": {
    "criteria": {
      "has_planks": "2024-09-05 01:35:40 +0000"
    },
    "done": true
  },
  "cfm:recipes/cfm/cyan_grill": {
    "criteria": {
      "has_terracotta": "2024-09-04 18:25:03 +0000"
    },
    "done": true
  },
  "minecraft:recipes/decorations/brown_bed_from_white_bed": {
    "criteria": {
      "has_bed": "2024-09-04 18:52:48 +0000"
    },
    "done": true
  },
  "cfm:recipes/cfm/stripped_dark_oak_kitchen_drawer": {
    "criteria": {
      "has_planks": "2024-09-05 01:00:19 +0000"
    },
    "done": true
  },
  "cfm:recipes/cfm/white_kitchen_counter": {
    "criteria": {
      "has_concrete": "2024-09-04 18:11:37 +0000"
    },
    "done": true
  },
  "create:train_roadkill": {
    "criteria": {
      "0": "2024-09-05 21:06:19 +0000"
    },
    "done": true
  },
  "cfm:recipes/cfm/yellow_kitchen_drawer": {
    "criteria": {
      "has_concrete": "2024-09-04 18:11:37 +0000"
    },
    "done": true
  },
  "cfm:recipes/cfm/stone_chair": {
    "criteria": {
      "has_log": "2024-09-04 18:24:55 +0000"
    },
    "done": true
  },
  "minecraft:recipes/redstone/piston": {
    "criteria": {
      "has_redstone": "2024-09-04 21:08:36 +0000"
    },
    "done": true
  },
  "cfm:recipes/cfm/stone_bedside_cabinet": {
    "criteria": {
      "has_log": "2024-09-04 18:24:55 +0000"
    },
    "done": true
  },
  "minecraft:recipes/building_blocks/stone_stairs": {
    "criteria": {
      "has_stone": "2024-09-04 18:24:55 +0000"
    },
    "done": true
  },
  "framedblocks:recipes/framed_blocks/framed_wall_board": {
    "criteria": {
      "hasFramedPanel": "2024-09-04 18:59:37 +0000"
    },
    "done": true
  },
  "cfm:recipes/cfm/jungle_kitchen_sink_dark": {
    "criteria": {
      "has_top": "2024-09-04 18:48:22 +0000"
    },
    "done": true
  },
  "framedblocks:recipes/framed_blocks/framed_half_stairs": {
    "criteria": {
      "hasFramedStairs": "2024-09-04 19:02:44 +0000"
    },
    "done": true
  },
  "minecraft:recipes/building_blocks/stripped_spruce_wood": {
    "criteria": {
      "has_log": "2024-09-05 00:58:08 +0000"
    },
    "done": true
  },
  "framedblocks:recipes/framed_blocks/framed_fancy_rail": {
    "criteria": {
      "hasFramedBlock": "2024-09-04 18:56:48 +0000"
    },
    "done": true
  },
  "cfm:recipes/cfm/stone_table": {
    "criteria": {
      "has_log": "2024-09-04 18:24:55 +0000"
    },
    "done": true
  },
  "cfm:recipes/cfm/stripped_spruce_kitchen_sink_dark": {
    "criteria": {
      "has_top": "2024-09-04 18:48:22 +0000"
    },
    "done": true
  },
  "minecraft:recipes/building_blocks/smooth_red_sandstone_slab": {
    "criteria": {
      "has_smooth_red_sandstone": "2024-09-05 14:03:36 +0000"
    },
    "done": true
  },
  "cfm:recipes/cfm/light_blue_kitchen_sink": {
    "criteria": {
      "has_concrete": "2024-09-04 18:11:37 +0000"
    },
    "done": true
  },
  "minecraft:recipes/decorations/red_bed_from_white_bed": {
    "criteria": {
      "has_bed": "2024-09-04 18:52:48 +0000"
    },
    "done": true
  },
  "framedblocks:recipes/framed_blocks/framed_stairs_rotate_to_framed_vertical_stairs": {
    "criteria": {
      "has_framed_stairs": "2024-09-04 19:02:44 +0000"
    },
    "done": true
  },
  "minecraft:recipes/food/cooked_chicken": {
    "criteria": {
      "has_chicken": "2024-09-04 20:46:25 +0000"
    },
    "done": true
  },
  "minecraft:recipes/building_blocks/acacia_stairs": {
    "criteria": {
      "has_planks": "2024-09-05 01:35:40 +0000"
    },
    "done": true
  },
  "framedblocks:recipes/framed_blocks/framed_flat_elev_double_slope_slab_corner_rotate_to_framed_flat_ext_double_slope_panel_corner": {
    "criteria": {
      "has_framed_flat_elev_double_slope_slab_corner": "2024-09-04 18:56:35 +0000"
    },
    "done": true
  },
  "framedblocks:recipes/framed_blocks/framed_item_frame": {
    "criteria": {
      "hasFramedCube": "2024-09-04 18:56:47 +0000"
    },
    "done": true
  },
  "cfm:recipes/cfm/stripped_jungle_kitchen_sink_light": {
    "criteria": {
      "has_top": "2024-09-04 18:11:37 +0000"
    },
    "done": true
  },
  "create:recipes/create.palettes/crafting/kinetics/pink_seat_from_other_seat": {
    "criteria": {
      "has_seat": "2024-09-05 20:49:44 +0000"
    },
    "done": true
  },
  "cfm:recipes/cfm/stripped_dark_oak_kitchen_sink_dark": {
    "criteria": {
      "has_top": "2024-09-04 18:48:22 +0000"
    },
    "done": true
  },
  "minecraft:recipes/decorations/light_gray_bed_from_white_bed": {
    "criteria": {
      "has_bed": "2024-09-04 18:52:48 +0000"
    },
    "done": true
  },
  "cfm:recipes/cfm/yellow_kitchen_sink": {
    "criteria": {
      "has_concrete": "2024-09-04 18:11:37 +0000"
    },
    "done": true
  },
  "cfm:recipes/cfm/oak_kitchen_sink_light": {
    "criteria": {
      "has_top": "2024-09-04 18:11:37 +0000"
    },
    "done": true
  },
  "cfm:recipes/cfm/birch_kitchen_sink_dark": {
    "criteria": {
      "has_top": "2024-09-04 18:48:22 +0000"
    },
    "done": true
  },
  "DataVersion": 2975
}